<?xml version="1.0" encoding="UTF-8" standalone="yes"?>
<addon id="metadata.musicbrainz.artists" name="Musicbrainz artists scraper" version="0.0.10" provider-name="bog.gob">
	<requires>
		<import addon="xbmc.metadata" version="2.1.0"/>
		<import addon="xbmc.python" version="2.25.0"/>
		<import addon="script.module.beautifulsoup4" version="4.3.2"/>
		<import addon="script.module.requests" version="2.21.0"/>
	</requires>
	<extension point="xbmc.metadata.scraper.artists" library="default.py"/>
	<extension point="xbmc.addon.metadata">
		<summary lang="en_GB">Musicbrianz music scraper for artists</summary>
		<description lang="en_GB">Searches for artist information and artwork across multiple websites.</description>
		<platform>all</platform>
		<license>GPL v2.0</license>
		<assets>
			<icon>icon.png</icon>
		</assets>
	</extension>
</addon>

