<?xml version="1.0" encoding="utf-8"?>
<addon id="repository.github.bogs-kodi-release" name="Bog's Addons" version="0.1.2" provider-name="bog.gob">
  <extension point="xbmc.addon.repository" name="Bog's Addons">
    <info compressed="false">	https://github.com/boggob/bogs-kodi-release/raw/master/addons.xml</info>
    <checksum>					https://github.com/boggob/bogs-kodi-release/raw/master/addons.xml.md5</checksum>
    <datadir zip="true">		http://www.github.com/boggob/bogs-kodi-release/raw/master</datadir>
  </extension>
  <extension point="xbmc.addon.metadata">
    <summary>Bog's Addons</summary>
    <description>Bog's Addons</description>
    <disclaimer></disclaimer>
    <platform>all</platform>
  </extension>
</addon>
