<?xml version="1.0" encoding="UTF-8"?>
<addon id="repository.github.bogs-xbmc-addons" name="Bog's Addons" version="1.1.1" provider-name="bog.gob">
  <extension point="xbmc.addon.repository" name="Bog's Addons">
    <dir minversion="1.0.0">
      <info compressed="false">https://github.com/boggob/bogs-kodi-release/raw/master/addons.xml</info>
      <checksum>https://github.com/boggob/bogs-kodi-release/raw/master/addons.xml.md5</checksum>
      <datadir zip="true">http://www.github.com/boggob/bogs-kodi-release/raw/master</datadir>
    </dir>
  </extension>
  <extension point="xbmc.addon.metadata">
    <summary>Bog's Addons</summary>
    <description>Bog's Addons</description>
    <platform>all</platform>
  </extension>
</addon>
