<?xml version="1.0" encoding="utf-8"?>
<addon id="plugin.video.sbs2" name="SBS2" version="1.1.2" provider-name="bog.gob">
  <requires>
    <import addon="xbmc.python" version="3.0.0"/>
	<import addon="script.module.beautifulsoup4" version="4.3.2"/>
  </requires>
  <extension point="xbmc.python.pluginsource" provides="video" library="default.py">
    <provides>video</provides>
  </extension>
  <extension point="xbmc.addon.metadata" library="default.py">
    <reuselanguageinvoker>true</reuselanguageinvoker>
    <assets>
      <icon>icon.png</icon>
      <fanart>fanart.jpg</fanart>
    </assets>
  
    <summary>SBS 2</summary>
    <description>Catch up TV content for SBS</description>
    <provides>video</provides>
    <platform>all</platform>
    <disclaimer>You must be within Australia to use watch these videos.[CR]"SBS", SBS Logos and other works are copyright of their respective owners.</disclaimer>
  </extension>
</addon>
