<?xml version="1.0" encoding="UTF-8" standalone="yes"?>
<addon id="metadata.musicbrainz.albums" name="Musicbrainz albums scraper" version="0.0.6" provider-name="bog.gob">
	<requires>
		<import addon="xbmc.metadata" version="2.1.0"/>
		<import addon="xbmc.python" version="2.25.0"/>
		<import addon="script.module.beautifulsoup4" version="4.3.2"/>
	</requires>
	<extension point="xbmc.metadata.scraper.albums" library="default.py"/>
	<extension point="xbmc.addon.metadata">
		<summary lang="en_GB">Musicbrainz scraper for albums</summary>
		<description lang="en_GB">Searches for album information and artwork in Musicbrainz.</description>
		<platform>all</platform>
		<license>GPL v2.0</license>
		<assets>
 			<icon>icon.png</icon>
		</assets>
	</extension>
</addon>

